country_1,country_2,country_3,country_4,emissions,cost,marginal_abatement_cost,average_abatement_cost
BN,,,,4.480923935222426,0.2974314332413758,-16.064889977483546,-16.064889977483546
BN,,,,3.9596387227296383,0.29963975669675985,4.236305581782886,-12.055957421043889
BN,,,,3.3695194602140583,0.30786804235248966,13.943428351506432,-7.305740265818022
BN,,,,3.2996985630027,0.30920166610999705,19.100639074721613,-6.7469912845220525
BN,,,,2.6397632407053693,0.3271961347345522,27.267018473740453,-1.0780566687271569
BN,,,,2.2463718015957292,0.3414375127467126,36.201545321862525,2.2909548694691306
BN,,,,1.9798202183558629,0.35210218951127586,40.009804612438856,4.467337085144057
BN,,,,1.3198967579203542,0.3831817023288561,47.0956325708889,9.79573520571004
BN,,,,1.123174629857545,0.3986343687679425,78.55072833571964,12.265606944387383
BN,,,,0.6599421136985757,0.4675472195696763,148.7651414739736,22.911492486688186
BN,,,,0.0002055674666782,0.7026218993549661,356.3159887502443,56.242590774971056
BN,TH,,,70.03909436929044,15.581319317785583,-24.777330811793064,-24.777330811793064
BN,TH,,,61.57417311648267,15.629217659647479,5.658450968579017,-23.588308335118363
BN,TH,,,56.93428635448676,15.678869814022216,10.701156498349212,-22.869440379278938
BN,TH,,,52.777863903704805,15.744764311420445,15.853657364840904,-22.155617759858124
BN,TH,,,43.98155326611519,15.963607180614222,24.878938251519592,-20.389590241205124
BN,TH,,,35.18524267418351,16.33702912808999,42.45211029932102,-18.11543358383604
BN,TH,,,28.467144017178324,16.753346447625606,61.96951560118978,-15.96151786065345
BN,TH,,,26.38893197468712,16.927298369550705,83.70268209810696,-15.139157625161285
BN,TH,,,17.592621333509857,18.067781018152075,129.65465808614653,-10.252917027283715
BN,TH,,,8.796310661245801,19.931237292166603,211.84520913867385,-3.0026198851379857
BN,TH,,,0.0,24.91463159107234,566.5323214266684,15.00185336466955
ID,,,,198.26828890678053,40.214326103612876,-19.011312243405275,-19.011312243405275
ID,,,,173.51073143766027,40.28843342774843,2.9933213011011546,-18.106505817121484
ID,,,,154.99995313829854,40.567020407654326,15.049987385754694,-17.117551447959137
ID,,,,148.72359505995118,40.703655746266605,21.769844375778092,-16.7282110314308
ID,,,,123.9363615146944,41.4781673579234,31.246391826771642,-14.903429009366702
ID,,,,99.14909140768629,42.590476664162296,44.874215734003535,-12.71301387245533
ID,,,,77.56074400126911,44.12163726537671,70.92532709378564,-10.126348041110667
ID,,,,74.3618224308128,44.39393866031271,85.12287311162729,-9.69184295980902
ID,,,,49.57454942806422,47.357213256597184,119.54822928508047,-5.279496144396359
ID,,,,24.78727480269439,52.85455927983993,221.78097860005158,2.2165868528878536
ID,,,,0.0,70.02773773732703,692.8223693078338,24.287333240791572
ID,BN,,,201.1227095506943,40.488763020437474,-18.98692776304745,-18.98692776304745
ID,BN,,,177.44129797911555,40.54987277618232,2.580494644930094,-18.14239059173493
ID,BN,,,156.44136204583577,40.85138888618669,14.357953803399077,-17.051718223191767
ID,BN,,,152.09258195409458,40.94371804080364,21.231047022196222,-16.787506904425356
ID,BN,,,126.74382333187172,41.69113785415829,29.485460195253996,-14.997989894399419
ID,BN,,,101.39506043238096,42.79636339468875,43.600768404861995,-12.816173999509761
ID,BN,,,78.22068361144417,44.41083651195886,69.66630126647148,-10.100950325488435
ID,BN,,,76.04629627648397,44.59355996651147,84.03445495415961,-9.811091559285233
ID,BN,,,50.697531065448906,47.54584917444029,116.46678579213803,-5.435223626557144
ID,BN,,,25.34876551748689,52.95191614987129,213.26746524213408,1.8895881745498748
ID,BN,,,0.0,67.11999421022789,558.9257611216896,19.941308060003283
ID,BN,TH,,233.7840368892448,54.95703489584341,-20.697549465564784,-20.697549465564784
ID,BN,TH,,232.8311626575676,54.952098515132484,-5.180516532842297,-20.67954063994627
ID,BN,TH,,212.05995689846557,55.0095651366225,2.7666483186626123,-20.10101238304295
ID,BN,TH,,201.50501629720375,55.11271625582134,9.772780643266715,-19.731077561309583
ID,BN,TH,,167.9245353406092,55.76195384304636,19.33377869317044,-18.250365449537966
ID,BN,TH,,134.33643565250733,56.95513840520876,35.52402705846033,-16.28611133290305
ID,BN,TH,,106.02941663993472,58.373653147813684,50.11176704883306,-14.303136408021349
ID,BN,TH,,100.75148080707864,58.706810706984186,63.12269980558249,-13.874383318587217
ID,BN,TH,,67.1678483267543,61.61024217574662,86.45376495420706,-10.459558663120584
ID,BN,TH,,33.58557487405815,67.70322163654158,181.43439482670854,-4.1433857159666925
ID,BN,TH,,0.0215804891821011,80.83861614249028,391.3537332692294,8.452902170061725
ID,MY,,,266.43393239222024,49.278239934044976,-17.552464213755286,-17.552464213755286
ID,MY,,,266.4324557750539,49.27837163803665,89.19305198221136,-17.552238723283807
ID,MY,,,251.86882691902443,49.285845982052564,0.5132198911273845,-17.183538031207163
ID,MY,,,209.89100538945144,49.48978188200224,4.858182071358944,-15.95893364116196
ID,MY,,,193.09039322018523,49.723638314291605,13.919518523090739,-15.309009772276072
ID,MY,,,167.91284616161172,50.24994757563062,20.903913320650343,-14.165802577217045
ID,MY,,,125.93464160218164,51.534308927700685,30.595909604750887,-11.927592560183868
ID,MY,,,96.54520408656458,53.06633070357729,52.12831225716779,-9.761000151880241
ID,MY,,,83.95642757110186,54.03490069577057,76.93916807591147,-8.52282154590484
ID,MY,,,41.978214063167,59.77011119543467,136.62350110683053,-1.9249267548577917
ID,MY,,,0.0,75.82241122653191,382.3959734671521,14.785488577347122
ID,MY,PH,,281.4856724088774,112.83241742525604,47.4764465275371,47.4764465275371
ID,MY,PH,,281.48334468260725,56.41630094776569,-24236576.78348519,-17.38330180847985
ID,MY,PH,,247.5386531905077,56.50821496166779,2.7077581165670828,-16.628696367453852
ID,MY,PH,,230.2604179707329,56.6337915277705,7.267904650295948,-16.18040929036855
ID,MY,PH,,198.0309685379096,57.06686053102412,13.437058680021144,-15.179062839370104
ID,MY,PH,,148.5232252750583,58.30105177095475,24.92925668976556,-13.198893140353405
ID,MY,PH,,115.13021144437091,59.654649648128206,40.535361199698954,-11.467183681512116
ID,MY,PH,,99.01548463382784,60.55786070667095,56.04879742372163,-10.433243353560291
ID,MY,PH,,49.50774262857809,65.95198731602785,108.9552136872838,-5.0686734840210566
ID,MY,PH,,0.0,81.6061897970458,316.1970562556338,8.746241611233534
ID,MY,PH,KR,444.2590590839281,78.6573670435338,-21.44033386433315,-21.44033386433315
ID,MY,PH,KR,440.2336886194484,78.65858673345791,0.3030006641316447,-21.355043986037654
ID,MY,PH,KR,393.08330766552336,78.85923187262112,4.255429863001166,-20.23002742261486
ID,MY,PH,KR,327.5694229986059,79.60704376964598,11.414555873565568,-18.409662260082467
ID,MY,PH,KR,293.4891256656409,80.14362350109216,15.74457306530487,-17.417304502084583
ID,MY,PH,KR,262.0555383986118,80.75687459998443,19.509421361382646,-16.4535426053785
ID,MY,PH,KR,196.54165379979176,82.56984580516729,27.673083595710253,-14.17705517313323
ID,MY,PH,KR,146.74456283233027,84.77325452354404,44.24773968857951,-11.972466415837928
ID,MY,PH,KR,131.02776919942906,85.72712004037835,60.690846944602626,-11.11727382189612
ID,MY,PH,KR,65.51388459985311,92.61059018067432,105.06887482505539,-5.683862261228959
ID,MY,PH,KR,1.8833790927038623e-10,109.21864748184476,253.50438922462266,5.895495858551007
ID,PH,,,217.498445037124,47.27615962808995,-18.687902105422832,-18.687902105422832
ID,PH,,,217.49812861255347,47.27621001356849,159.23377396412917,-18.687826430874246
ID,PH,,,192.3332541351956,47.383703735182735,4.27157789763525,-17.93662072160366
ID,PH,,,188.2536567423195,47.41877602174134,8.59699700265674,-17.796623387126644
ID,PH,,,156.87805247359813,47.89721433990827,15.248736377131374,-16.50797733944565
ID,PH,,,125.5024474611428,48.761632480402525,27.550644526252352,-14.854340693031459
ID,PH,,,96.14574867687652,50.0657341499152,44.4226266412356,-12.843301246040411
ID,PH,,,94.1268356459672,50.184290591731575,58.72290683218575,-12.676714319908577
ID,PH,,,62.75122424081981,52.80244997724162,83.44568498450103,-9.32089149525513
ID,PH,,,31.375612331262182,57.784631177959824,158.79152301729394,-3.6497458473105007
ID,PH,,,0.0,70.8961002044708,417.8872714285454,10.106433677646232
KH,,,,8.966666652725886,1.989696206008357,-21.562578752147523,-21.562578752147523
KH,,,,7.69189884907589,2.001561118993361,9.307509140905323,-19.255887058121484
KH,,,,7.433333332749372,2.0064324531124766,18.83984449405085,-18.68711973470397
KH,,,,6.4099157113451595,2.038858808354582,31.684382371307976,-15.876570774387005
KH,,,,5.127932568572309,2.130691214792332,71.63308422224802,-10.159794814813512
KH,,,,4.950382702055458,2.1478131864349974,96.43471988214841,-9.204018110999023
KH,,,,3.845949428637147,2.2818653592474023,121.37643444723696,-2.3056327492186646
KH,,,,2.563966285086976,2.5532165385097927,211.66516941162175,10.057248714085889
KH,,,,2.475191350741173,2.5789227995733035,289.5666581219631,11.171121270399675
KH,,,,1.2819831424388348,2.9502231733102646,311.17819266868474,26.423441766413774
KH,,,,0.0,3.8068304421096033,668.1891831820312,59.662603709073935
KH,TH,,,73.46909884586992,17.267413741702626,-24.542841083857983,-24.542841083857983
KH,TH,,,65.49588570494763,17.31527084927578,6.002236078141338,-23.488134132026214
KH,TH,,,60.564791365433734,17.376898419345157,12.497747117823652,-22.735721768985695
KH,TH,,,56.13933054246571,17.455783062729868,17.825181724647063,-21.988632066311308
KH,TH,,,46.782776072543534,17.711958516205364,27.379251015852518,-20.13818946094799
KH,TH,,,37.42622092640901,18.139232604405127,45.66574786622003,-17.760790042309733
KH,TH,,,30.282395896350643,18.677505558070784,75.34800354163487,-15.261375716392912
KH,TH,,,28.069665711220175,18.904131609603887,102.41919826286468,-14.29096876890729
KH,TH,,,18.713110474898414,20.192189390133073,137.66367514499348,-9.171023245318043
KH,TH,,,9.356555231687905,22.145996729910067,208.81695121660871,-2.065567430762351
KH,TH,,,0.0,27.462199144330906,568.1794509603731,15.935183510033541
KH,TH,LA,,75.02222013027159,17.607162733109174,-24.41972868432344,-24.41972868432344
KH,TH,LA,,67.26190691124768,17.65195155496976,5.771522436850677,-23.4259093596276
KH,TH,LA,,61.8861232786413,17.71752971749097,12.198809885771869,-22.63167552534564
KH,TH,LA,,57.653063008462446,17.791998573319503,17.59220305771556,-21.937713819276297
KH,TH,LA,,48.04421933401579,18.050053173326923,26.85594736999194,-20.09885554243224
KH,TH,LA,,38.43537545411687,18.483162610363806,45.07404246029223,-17.73192364468579
KH,TH,LA,,30.94306169302939,19.029940389046057,72.97849451020437,-15.233918934521125
KH,TH,LA,,28.826531605619333,19.24458273094617,101.41237451661533,-14.333488734758747
KH,TH,LA,,19.21768773351189,20.548923556751536,135.74378386890086,-9.252110706711267
KH,TH,LA,,9.608843860819922,22.531566659747487,206.33523962550376,-2.1917191609775917
KH,TH,LA,,0.0,27.974544144226186,566.4549828593272,15.840659379161254
KH,TH,VN,,145.25257080519643,30.899502105054328,-21.404732951278625,-21.404732951278625
KH,TH,VN,,138.7574224624893,30.912722545800584,2.035433226263432,-21.10634795090548
KH,TH,VN,,131.0826857560144,30.953050124921685,5.254587963529473,-20.715716015558936
KH,TH,VN,,118.93494808864816,31.05960728175462,8.77176967026465,-20.039932253127464
KH,TH,VN,,99.1124563551242,31.396546635209376,16.997830443532063,-18.704773988849063
KH,TH,VN,,79.28996558341619,32.11261081171835,36.12382443537253,-16.797052318377204
KH,TH,VN,,65.54134372215879,33.024576013348266,66.33139021735471,-14.83819792834867
KH,TH,VN,,59.467474360078725,33.52653731073862,82.64275496673673,-13.833857749989829
KH,TH,VN,,39.64498290070311,35.64403819381013,106.82314518390078,-9.90882155163608
KH,TH,VN,,19.822491468404248,39.21080982177838,179.93558681309534,-3.92765300526261
KH,TH,VN,,0.0,49.39679456846838,513.8599637147423,11.887313870601083
KH,TH,VN,LA,146.63521342863308,31.23550875649683,-21.380926674521817,-21.380926674521817
KH,TH,VN,LA,140.5234121148236,31.246169585709822,1.7443023203164942,-21.10652817528761
KH,TH,VN,LA,132.40398250320908,31.28814036002886,5.169177679550173,-20.698759573223494
KH,TH,VN,LA,120.44866921298866,31.39118926956494,8.619507246236411,-20.04379021643254
KH,TH,VN,LA,100.37389664325828,31.72829689208227,16.79259983376525,-18.711937446738087
KH,TH,VN,LA,80.29911889944755,32.4463958598958,35.77120389464484,-16.810787815891107
KH,TH,VN,LA,66.20200897065224,33.37806274735187,66.08921205565748,-14.828008155407964
KH,TH,VN,LA,60.22433981697208,33.871965478916316,82.624634931556,-13.84957102293455
KH,TH,VN,LA,40.14955985842214,36.00863438378346,106.43548319228901,-9.926122766213634
KH,TH,VN,LA,20.074779938094107,39.613338587054926,179.56382174936266,-3.9405905658483578
KH,TH,VN,LA,0.0,49.90809467499864,512.820370618772,11.882823335889201
KH,VN,LA,,88.48263259783137,16.033586102201767,-19.207850442015317,-19.207850442015317
KH,VN,LA,,82.87971990049527,16.050037153198794,2.9361605089525478,-18.795748112570845
KH,VN,LA,,76.78960915080687,16.089714129884065,6.514984425743226,-18.29390559792912
KH,VN,LA,,71.03976049774484,16.142848598953957,9.24102046435535,-17.78793735458652
KH,VN,LA,,59.19980054638645,16.36250645239507,18.55224632038658,-16.463014679396363
KH,VN,LA,,47.3598404384021,16.785936797252667,35.76281853957039,-14.625898094555922
KH,VN,LA,,38.39480494989638,17.340673084819798,61.87775701260429,-12.641086801362787
KH,VN,LA,,35.51988032276994,17.58716383861732,85.73816213188775,-11.8293472515003
KH,VN,LA,,23.679920236407007,18.86720935605443,108.11231694196707,-7.887548353134531
KH,VN,LA,,11.839960112819002,20.817152851578577,164.6917282803509,-2.3963166131799025
KH,VN,LA,,0.0,26.290310502643695,462.26149403488176,11.93252278367473
KR,,,,112.04299219868176,26.60801865993785,-11.958065200126104,-11.958065200126104
KR,,,,96.0368504327038,28.11507695943594,94.1550013446359,-4.206098142004595
KR,,,,94.84305196610104,28.26110602222588,122.32304436233999,-3.5204235000481443
KR,,,,80.03070869917676,30.318418553605433,138.89176710976554,5.451918425951279
KR,,,,64.02456696557738,33.245622751289105,182.88006231626795,16.761333365627287
KR,,,,63.22870133282087,33.4164237214387,214.61030998161985,17.38640569524127
KR,,,,48.01842523272781,37.020083936008334,236.92273505459826,29.887229755882537
KR,,,,32.012283481852634,41.510845851263745,280.5649222124294,44.05899146556079
KR,,,,31.61435065978166,41.63318835442419,307.44511730330646,44.428661440070584
KR,,,,16.006141739251074,47.042779647061806,346.58629444163796,60.1947782427831
KR,,,,4.817524875813095e-11,57.39565585684033,646.8064808161628,89.98936297837463
KR,ID,,,310.3411921994312,64.94746649306059,-19.57893048788023,-19.57893048788023
KR,ID,,,271.5485431654538,66.34063309555032,35.91315976564252,-16.95112933576118
KR,ID,,,232.75589413276705,67.98977006770099,42.51158436643773,-14.26261454692192
KR,ID,,,218.35019116634192,68.7690711302163,54.096704918295565,-13.13380895090476
KR,ID,,,193.96324513234467,70.34984353327198,64.82043306496678,-11.01393301271114
KR,ID,,,155.1705960994579,74.15276702694943,98.032065055766,-6.4924502977513265
KR,ID,,,116.37794706609976,79.80815041397673,145.78492389535415,-0.4298035739539374
KR,ID,,,109.17509556595525,81.10210898495951,179.64532115604757,0.8916045936186062
KR,ID,,,77.58529803309798,88.27744857935643,227.1410440960783,7.9459461157690585
KR,ID,,,38.7926490327316,100.67203500308796,319.50863741257945,19.435385765432777
KR,ID,,,4.842130011641344e-11,127.42348417008922,689.6009897252161,43.27001346345735
KR,ID,PH,,363.04789232853705,69.65425186249301,-22.507408656289734,-22.507408656289734
KR,ID,PH,,317.66690566481924,70.04937484482463,8.706795761395723,-21.03020568324371
KR,ID,PH,,272.28591913218804,70.69992205272435,14.335237234914322,-19.432173005931755
KR,ID,PH,,255.52020219884403,70.99779458954332,17.766764046132515,-18.821378512050078
KR,ID,PH,,226.90493263132515,71.60100701067529,21.08008871657376,-17.733637183454
KR,ID,PH,,181.52394609923104,72.8778901877591,28.13696384014893,-15.832707405334007
KR,ID,PH,,136.14295956639958,74.89339613502425,44.41300423927533,-13.435403711081772
KR,ID,PH,,127.76010109933688,75.3611301779935,55.796485746125896,-12.93023003982241
KR,ID,PH,,90.76197303311406,78.19688647295153,76.64593975896081,-10.135443086294618
KR,ID,PH,,45.38098653311995,84.87981104230813,147.26265523904968,-4.3339487527811915
KR,ID,PH,,7.427729808801921e-11,97.48770458703302,277.8232583274503,5.696305689137056
KR,LA,,,114.06129677974047,26.02702044507003,-16.589353585301026,-16.589353585301026
KR,LA,,,97.76682834125604,26.616272890517788,36.1627289452448,-12.751611343212987
KR,LA,,,96.82504780314495,26.651337619631338,37.232378133316296,-12.542318523404647
KR,LA,,,81.47235723255139,27.336934077436794,44.65643690615654,-8.887478878180147
KR,LA,,,65.17788603183925,28.384529067306396,64.29143830232533,-4.239900343582881
KR,LA,,,64.5500325973402,28.431673573130006,75.08839361725542,-4.046246823839466
KR,LA,,,48.88341463931737,29.722864781520627,82.41671634875134,0.918125640272446
KR,LA,,,32.58894308367658,31.90331697284001,133.81545905761868,8.40715552027528
KR,LA,,,32.27501633589758,31.952524347614705,156.74795194367132,8.568029830938217
KR,LA,,,16.294471545520512,35.00679213928453,191.1241344856401,18.11901784588022
KR,LA,,,0.0,40.78714944255447,354.7434654214984,35.167091164341564
KR,MY,,,207.59229219945533,33.82562405422961,-18.724385540515737,-18.724385540515737
KR,MY,,,202.39524959909173,33.996804748820885,32.93809725156034,-17.83706299300615
KR,MY,,,172.99357683258404,35.03638665790233,35.357917127275144,-13.12599213442529
KR,MY,,,151.7964371986535,35.876761492310855,39.64567148783272,-9.958795728397563
KR,MY,,,138.39486146642577,36.55036036373715,50.26266200969494,-7.757239402605716
KR,MY,,,103.79614609944367,39.10808458723482,73.92541013064708,-0.7128381674459519
KR,MY,,,101.19762479912312,39.363721493525,98.37783752576605,-0.07514837204078753
KR,MY,,,69.19743073244398,43.41117811138639,126.48225224596027,9.2181145201007
KR,MY,,,50.59881239939643,46.34160162406091,157.56135537592593,15.290035450576477
KR,MY,,,34.59871536626532,49.288932917171834,184.20708868252123,21.03575139627679
KR,MY,,,1.3179493774756395e-10,60.24078082103971,316.53914857740483,41.28208919808326
KR,MY,ID,,405.8904923253973,72.70120599271132,-20.444929612742598,-20.444929612742598
KR,MY,ID,,384.4786719989557,72.87024237875595,7.894535983747245,-19.76778176275218
KR,MY,ID,,347.90613599808825,73.4960820534519,17.112285423168615,-18.321634459591362
KR,MY,ID,,289.92178013259235,75.11456873623406,27.91247153864232,-15.615525537506487
KR,MY,ID,,256.3191146319445,76.2082689325709,32.54801903485169,-14.035451132881299
KR,MY,ID,,231.93742409912971,77.1512862867113,38.67727518201447,-12.809853659228466
KR,MY,ID,,173.95306806615693,80.3574743992589,55.29401948905684,-9.241419634883847
KR,MY,ID,,128.15955733258016,83.93675614317664,78.1613308650155,-5.768341995257252
KR,MY,ID,,115.96871206584534,85.1135511847075,96.53104569721579,-4.69750762609503
KR,MY,ID,,57.98435603292897,94.24407810702179,157.46535008737706,2.9933716735881535
KR,MY,ID,,6.486435493520398e-11,113.87784063599176,338.6044766599121,18.189649044164856
KR,MY,PH,,260.2989921993932,39.64649179722892,-22.614904283357802,-22.614904283357802
KR,MY,PH,,223.11342186462443,40.17118911170544,14.110239798740528,-19.695103626855772
KR,MY,PH,,207.5514537655487,40.43453227545938,16.922227450754463,-18.516000569184595
KR,MY,PH,,185.92785156616165,40.86230229976936,19.782551508559678,-16.87578346390177
KR,MY,PH,,148.74228123198134,41.80850587116223,25.445450019712027,-13.97268691841875
KR,MY,PH,,138.36763583321107,42.16891508169435,34.73942449877263,-13.05792972362106
KR,MY,PH,,111.55671093266882,43.40474235124892,46.09416773718145,-10.320160511250062
KR,MY,PH,,74.37114063299305,46.47839778884362,82.65720850384542,-4.71166868471416
KR,MY,PH,,69.1838179326695,47.04611159233428,109.4425460469704,-3.759112833167769
KR,MY,PH,,37.18557029960641,52.22006265291454,161.6948252889366,4.340426439246876
KR,MY,PH,,1.4754177009817782e-10,64.86213633630443,339.9725641312501,22.40656968657876
KR,PH,,,164.7497724073348,30.853592019662614,-24.304041196253774,-24.304041196253774
KR,PH,,,150.59880536615088,31.13378944078259,19.800584674143465,-22.52281060430997
KR,PH,,,141.2140596520999,31.34553073037981,22.56228309736711,-21.346759060048214
KR,PH,,,117.6784195517919,31.989557941470096,27.363913126877648,-18.35586520341851
KR,PH,,,100.3987355614519,32.637203985739724,37.48020187358093,-15.947336510109503
KR,PH,,,94.1428592993877,32.91913385489526,45.066407541524306,-15.009154287383911
KR,PH,,,70.60713409314232,34.6669507658939,74.26229256512768,-10.127267740717533
KR,PH,,,50.19940316836577,37.02831161856486,115.70913304252176,-4.430499610574238
KR,PH,,,47.07146453022329,37.49984698925241,150.749559130602,-3.361152778562937
KR,PH,,,23.5357060069715,42.258530825054116,202.18952497751184,6.771369332060902
KR,PH,,,0.0001668943662416,51.17354175647058,378.7893231917396,24.24814385817255
KR,TH,,,177.92151927143547,39.10117199583388,-25.299764321631173,-25.299764321631173
KR,TH,,,155.68134373491264,39.68894981022621,26.428649963984466,-22.631190920232836
KR,TH,,,133.44115825618235,40.32963522853364,28.807557334454586,-20.107739906048067
KR,TH,,,118.8431071199924,40.796971654184624,32.013617522712536,-18.481769387375586
KR,TH,,,111.20096470048748,41.06726887593844,35.36929919860421,-17.616450312105233
KR,TH,,,88.96077532209718,42.15003604236087,48.68515946516625,-14.654478751053722
KR,TH,,,66.72058173779438,43.67910695871608,68.75259023979179,-11.087677752746032
KR,TH,,,59.42155492684429,44.35687443676173,92.85723913616128,-9.649035322311468
KR,TH,,,44.48038792761099,46.08182912091909,115.44979614014596,-6.202447935895618
KR,TH,,,22.24019388714473,50.26010896073687,187.8706558142146,1.4429576703662987
KR,TH,,,0.0,59.43801851406113,412.6721916138181,17.02910432507206
KR,TH,LA,,179.93985739484418,39.427020966515514,-25.284711578346958,-25.284711578346958
KR,TH,LA,,157.44737292952485,40.01847267118386,26.295525760184056,-22.623475931399675
KR,TH,LA,,134.9548939425833,40.66568114183995,28.774439270648614,-20.101753623630692
KR,TH,LA,,120.16443934031471,41.137554590220475,31.9039178355039,-18.476367386705014
KR,TH,LA,,112.46241182177802,41.408907252219535,35.23132854900711,-17.61625627622527
KR,TH,LA,,89.96992987097114,42.49453284814761,48.26615392211649,-14.672720473695206
KR,TH,LA,,67.47744774679796,44.034395243609296,68.46120347948458,-11.117263591731325
KR,TH,LA,,60.08222088737831,44.71566280938764,92.12260539520553,-9.685687590828465
KR,TH,LA,,44.984965168758016,46.43731606588919,114.0374971842162,-6.27971434134823
KR,TH,LA,,22.49248257565313,50.61697838274573,185.82485501790808,1.288801970487606
KR,TH,LA,,0.0,59.66726377344688,402.3693409680611,16.491574989668287
KR,TH,VN,,261.64897062788503,51.68107844478524,-24.65203591305547,-24.65203591305547
KR,TH,VN,,228.94288767966316,51.96241358127518,8.60192083947587,-23.12114007724543
KR,TH,VN,,196.236772925032,52.410906816796206,13.712825228117971,-21.50006043105369
KR,TH,VN,,189.36100051514407,52.52991106466806,17.3077642448896,-21.144291532979288
KR,TH,VN,,163.53064704708402,53.10078690116803,22.100968815849505,-19.704528785600402
KR,TH,VN,,130.82451991524985,54.438103570427366,40.88887271393482,-17.253524224455067
KR,TH,VN,,98.1183903416798,56.64978603525763,67.62287356121557,-13.953747669604683
KR,TH,VN,,94.6805028487547,56.93953179932423,84.28017631841524,-13.553940636637268
KR,TH,VN,,65.4122602429723,60.09069989380864,107.66509410653336,-9.494449527127465
KR,TH,VN,,32.70613015135136,66.04214912773175,181.96739318443008,-2.5879205124041866
KR,TH,VN,,0.0,79.98834539371317,426.40924503889056,12.348338481670977
KR,VN,LA,,197.7887769677736,37.01681821661384,-23.91924444295634,-23.91924444295634
KR,VN,LA,,173.06518532019345,37.33506714226997,12.872277223818218,-22.104610767126292
KR,VN,LA,,148.3415926596125,37.76827787493815,17.522159445657195,-20.242004302893736
KR,VN,LA,,135.06792707373614,38.05664254832125,21.724569714181293,-19.209025030348435
KR,VN,LA,,123.6179930827194,38.35223506857983,25.816089463091465,-18.27290741122389
KR,VN,LA,,98.89439480663437,39.30865198388242,38.6843737154444,-15.825752422910202
KR,VN,LA,,74.17079646138312,40.94547773623526,66.20499692219084,-12.446510549376063
KR,VN,LA,,67.53396412623665,41.56787773113247,93.77967733208864,-11.284668403651857
KR,VN,LA,,49.447197671511184,43.95387542201687,131.91952784136382,-7.139753718285703
KR,VN,LA,,24.723598818379767,49.30653737659337,216.50011336834746,1.371787507469312
KR,VN,LA,,0.0,59.53622195971908,413.76195505651316,16.491557544416803
LA,,,,2.016666594849396,0.3478205203986661,-19.147787331537895,-19.147787331537895
LA,,,,1.983333333297164,0.34784467902952637,0.7247604865306624,-19.004510163551334
LA,,,,1.7299791429989575,0.3494328919712206,6.268745505353097,-17.69150889851143
LA,,,,1.4416492856325944,0.35561166667218486,21.42953476064478,-15.507627702660763
LA,,,,1.3213315568546553,0.3598853883108459,35.52029848027376,-14.346003250827199
LA,,,,1.1533194286663762,0.3673321185080841,44.32257526607378,-12.538480575678559
LA,,,,0.8649895712623231,0.3862430072684826,65.58768811062663,-8.61521189519502
LA,,,,0.6606657785975049,0.40648682210483283,99.07712935594868,-4.914549737973682
LA,,,,0.5766597142915874,0.4159260796413151,112.36400150955967,-3.2807002073087363
LA,,,,0.2883298571086597,0.4608392598444731,155.7701330065978,3.9774074041452985
LA,,,,0.0,0.5593776747525925,341.7558483060056,18.718841389136962
LA,KH,,,10.217725919794171,2.3247254923781933,-20.862459842683766,-20.862459842683766
LA,KH,,,9.421877995221964,2.328243092618395,4.419940206657388,-19.94523201244116
LA,KH,,,9.40757136957271,2.3283677682500925,8.714537917905812,-19.926552927169947
LA,KH,,,7.851564998616314,2.3551461927895323,17.209713944153393,-17.46838079365751
LA,KH,,,6.281251998833933,2.4299282337411747,47.62237908111693,-13.392471995429592
LA,KH,,,6.27171425887299,2.4305589195905766,66.12529299231221,-13.362240238485077
LA,KH,,,4.71093899880953,2.575766043911665,93.03525500217411,-7.130445368511462
LA,KH,,,3.140625999319178,2.8009644975852552,143.40991493204137,1.2470421545815227
LA,KH,,,3.1358571302292164,2.801913712936541,199.0441199746146,1.2804644670015985
LA,KH,,,1.5703129997481284,3.2204175832005917,267.32166926233225,15.262458390971526
LA,KH,,,0.0,4.0372162599892265,520.1502356024855,40.54523777052664
LA,TH,,,67.63313459837306,15.633755860799479,-24.739419034095125,-24.739419034095125
LA,TH,,,59.40975913480773,15.687351653064107,6.517493029728646,-23.564932996371045
LA,TH,,,56.93573860163058,15.715843603247908,11.516456634743985,-23.172785203166736
LA,TH,,,50.92265125949693,15.821092808019229,17.503355395129592,-22.096901804337513
LA,TH,,,42.435543058789555,16.06176803030794,28.35774171803932,-20.281090028045
LA,TH,,,33.94843443700791,16.454578996506175,46.283249538023824,-17.968726059471567
LA,TH,,,28.4678703281557,16.80221130167214,63.43002257823611,-16.182801547932737
LA,TH,,,25.46132584840229,17.070496800000594,89.23383643087057,-14.929080623476596
LA,TH,,,16.97421723468905,18.228874697806027,136.48675308971042,-10.010790074770123
LA,TH,,,8.487108608961414,20.034863396095524,212.79198581421025,-3.001387658269855
LA,TH,,,0.0,24.908091251659094,574.191763072055,14.603332368316408
MY,,,,95.54888773439237,9.28566415315163,-11.366001619868564,-11.366001619868564
MY,,,,94.99999854783728,9.285692654601034,0.0519256893766307,-11.29992326026946
MY,,,,76.43943307207363,9.331356374443214,2.460254775201082,-9.047850863239951
MY,,,,75.9378437620167,9.334072057592094,5.414156750214059,-8.984167307057007
MY,,,,57.329579971372674,9.508819431168739,9.390847826679334,-6.403878040961336
MY,,,,56.95338516007351,9.514533887771291,15.190152630808283,-6.342748633440291
MY,,,,38.21971999370338,9.881291819362586,19.577478743971714,-3.1402346076012346
MY,,,,37.96892333372458,9.888496068004345,28.72545687956322,-3.0876138835272027
MY,,,,19.1098599957374,10.859704143078094,51.498213758976924,2.9418413738654032
MY,,,,18.984461739666852,10.869763520700891,80.21943795723809,2.9985572056249983
MY,,,,0.0,15.147512132915761,225.3289385222221,25.231595332705833
MY,PH,,,147.87119949788828,16.87776251281938,-15.224768363978942,-15.224768363978942
MY,PH,,,127.07656392629232,16.92051924182481,2.0561422612200952,-13.77937791884899
MY,PH,,,112.6666635653846,17.011872922697947,6.339646950021142,-12.677163957842026
MY,PH,,,105.89714010192256,17.08030050489143,10.108183029841758,-12.105453981049466
MY,PH,,,84.71771304844987,17.40376706154377,15.2726773880932,-10.112673738100996
MY,PH,,,75.13893436768548,17.622042252688594,22.787371795441096,-9.064141919735624
MY,PH,,,63.538285684017005,17.9581045221908,28.96926531145794,-7.6507087369048055
MY,PH,,,42.35885708261473,18.99406733398257,48.91363366258045,-4.056734146165277
MY,PH,,,37.569467230484534,19.387498332215653,82.1463715379307,-2.83570633456991
MY,PH,,,21.17942853131676,21.237522581572595,112.87491648515015,2.5138565333957024
MY,PH,,,0.0,26.909949563885267,267.8271972223043,17.47064284685526
PH,,,,52.66666490198361,7.603415673664511,-17.911219038416718,-17.911219038416718
PH,,,,46.118360883209704,7.635000926427001,4.823424916121072,-16.845796042477783
PH,,,,39.53002499939437,7.740871042161452,16.06932579052753,-15.363730476920397
PH,,,,37.33333324243936,7.799664138223677,26.764381427698222,-14.740618985196077
PH,,,,32.94168749318721,7.951056646838139,34.47284167677746,-13.327170600508872
PH,,,,26.353349999825625,8.299633577290697,52.90817764022935,-10.591184125503712
PH,,,,19.765012475133343,8.885282945897563,88.89182838795432,-6.644846431817151
PH,,,,18.58500549539716,9.013761169364422,108.8792063717985,-5.829857353782486
PH,,,,13.176674972097327,9.780784121992465,141.82249944296169,-1.205214301642108
PH,,,,6.58833747829913,11.033320875236585,190.11423662239093,5.826276459051868
PH,,,,0.0,14.118402591605204,468.2640691267495,22.219579316815533
SG,,,,37.49546872762298,4.345879627044009,-70.66066550215604,-70.66066550215604
SG,,,,37.477233796302095,4.346545227254736,36.50138292348659,-65.49872737098481
SG,,,,37.09867573387574,4.361492644592801,39.485138005672795,-13.006785226308553
SG,,,,36.72011794065394,4.377473742526041,42.21574147828196,5.400717159170422
SG,,,,36.341560054323445,4.393456260510063,42.219482306778886,14.605407700268378
SG,,,,35.963002118810316,4.409521102706889,42.4369447573474,20.17171532942329
SG,,,,35.58444420192699,4.425805024631645,43.01566866920024,23.979040854022934
SG,,,,35.20588626442703,4.442088573464844,43.014680766535335,26.698418091715585
SG,,,,34.827328352341105,4.458371285985378,43.012474447604944,28.73767508683977
SG,BN,,,41.98739539138748,4.536527271082371,-67.37849747192377,-67.37849747192377
SG,BN,,,40.0096676203052,4.5824756037735135,23.232890473089647,-27.06744118795635
SG,BN,,,35.56414898411008,4.709730189475595,28.625363228934162,0.7788750622246389
SG,BN,,,31.11863037891387,4.88002142740808,38.30627043905237,13.28798105360148
SG,BN,,,26.67311175570597,5.170192782985504,65.2727792124366,26.28416052866088
SG,BN,TH,,86.40400422202005,18.929048868046863,-26.915393126244524,-26.915393126244524
SG,BN,TH,,86.33771520782666,18.926926310662907,-32.01974580227771,-26.916865730595177
SG,BN,TH,,85.33936013899746,18.891566923378228,-35.4176468760215,-26.953641755921655
SG,BN,TH,,77.04813077772819,18.975625856618073,10.138295489991954,-25.667201668828405
SG,BN,TH,,64.50648739705748,19.089686070394833,9.094518980865837,-23.93443385793705
SG,BN,TH,,61.638764830358824,19.147118428176224,20.027166661211286,-23.439014154432638
SG,BN,TH,,46.232082218532106,19.689191596562313,35.18428866510008,-20.09234073198475
SG,BN,TH,,32.25296923524576,20.535683507440012,60.55405030990008,-16.120735253220094
SG,BN,TH,,30.81926519182231,20.65974851033667,86.53459789400497,-15.604848284705604
SG,BN,TH,,15.410548545545,22.860517681933118,142.82624712474976,-7.486355762340085
SG,BN,TH,,0.0029769765319507,29.68126946603505,442.6883077291359,14.455945782372474
SG,ID,,,215.70975738389632,43.387141889643026,-20.367090925333006,-20.367090925333006
SG,ID,,,206.3189752648937,43.39433480913523,0.7659553167195476,-20.04022325324396
SG,ID,,,176.84520965754228,43.63920502230408,8.30807357400494,-18.72777055022448
SG,ID,,,162.69263212464583,43.915060978024115,19.491570004038433,-17.896598747048447
SG,ID,,,147.3710297383778,44.34991325385508,28.381644743678972,-16.832096214381945
SG,ID,,,117.89682840006292,45.44025353327277,36.9930389937421,-14.551289028468041
SG,ID,,,88.42262374260063,47.16888887985905,58.64909220370173,-11.575561922944125
SG,ID,,,81.34632303368357,47.738688484511364,80.52224291914214,-10.685387490852913
SG,ID,,,58.94841716117864,50.16777150769643,108.45134527361961,-7.148792526733221
SG,ID,,,29.474208639418677,55.656851417103766,186.23332685438888,0.12144299391449863
SG,ID,,,0.0,70.12589565925971,490.90526633529726,17.904010265004544
SG,ID,BN,,215.51480121592633,43.60272684740575,-20.329870044313388,-20.329870044313388
SG,ID,BN,,210.2518200105631,43.60171286474499,-0.19266317343584236,-20.156075592298958
SG,ID,BN,,180.21605917956012,43.8197027248783,7.257677318707979,-18.86921570901155
SG,ID,BN,,164.01516074738325,44.18524341223902,22.56298864479726,-17.84605971458785
SG,ID,BN,,150.1840358632177,44.545811181255424,26.069301812840898,-16.93933001011197
SG,ID,BN,,120.14614343156413,45.621020434112864,35.79509632055271,-14.676158644274778
SG,ID,BN,,90.11319395543136,47.28406853452068,55.374118407166115,-11.794018824067116
SG,ID,BN,,82.0088881648555,47.96023411537044,83.43288102924821,-10.748366132877534
SG,ID,BN,,60.07590376281384,50.34112502865709,108.55298438387709,-7.305365806595293
SG,ID,BN,,30.0530902360205,55.839257234494,183.13181077883314,-0.068162564634263
SG,ID,BN,,0.0137165104869499,70.15986152192657,476.72779127415765,17.397443493985712
SG,ID,BN,TH,250.51148042755577,57.95336628129464,-21.812264273529713,-21.812264273529713
SG,ID,BN,TH,248.55167335167457,57.9512065030972,-1.1020361259150138,-21.764126539860552
SG,ID,BN,TH,229.62690845789183,58.004762521402995,2.829943653534774,-21.224232643392163
SG,ID,BN,TH,219.6300910276833,58.08141497545488,7.667685699675992,-20.893041632694704
SG,ID,BN,TH,191.3616954899424,58.44990392401806,13.03536835230766,-19.82779320401126
SG,ID,BN,TH,153.0900312788381,59.623325901470515,30.660333216238723,-17.76918485263295
SG,ID,BN,TH,114.81426108904964,61.36723597698269,45.56172395395537,-15.287832253928933
SG,ID,BN,TH,109.81586381106762,61.6684062914739,60.253376780966676,-14.903287324054903
SG,ID,BN,TH,76.54298096238567,64.2897977778461,78.78462164801708,-11.832613923500785
SG,ID,BN,TH,38.275019672928714,70.41042871563107,159.9413904359529,-5.592647052330286
SG,ID,BN,TH,0.0204178106549949,84.39141953361641,365.4721298190597,7.409994826101995
SG,ID,MY,,281.4270657779529,52.434632954101644,-18.67959113769724,-18.67959113769724
SG,ID,MY,,281.4270406016929,52.43462846246103,-178.4077783983015,-18.679596708365242
SG,ID,MY,,281.40885292355347,52.43480663219296,9.79617797091226,-18.678879283599912
SG,ID,MY,,236.67351268786032,52.55781724102066,2.749741215325583,-17.42845705285642
SG,ID,MY,,200.6615534926103,53.0100228840234,12.557096395421544,-16.083109144882748
SG,ID,MY,,189.338834020251,53.240960341266,20.39593560596125,-15.57566724238607
SG,ID,MY,,142.0041273143411,54.535449401581076,27.347566941899974,-13.216733189833814
SG,ID,MY,,100.33078512093864,56.60275248963348,49.607326392450744,-10.317336726444934
SG,ID,MY,,94.66941886892326,57.01485300020404,72.79170649379157,-9.799517193366693
SG,ID,MY,,47.33470980985319,62.93115349795474,124.98863128888381,-3.1255245168482055
SG,ID,MY,,0.0,79.74803120161167,355.2758170740138,13.783366763799458
SG,ID,MY,PH,300.55574849950375,59.43864687642048,-18.533959662075258,-18.533959662075258
SG,ID,MY,PH,300.54915774963985,59.438626638646625,-3.070632973650135,-18.53384497164756
SG,ID,MY,PH,300.5419486349957,59.4386219920225,-0.6445485134617158,-18.533699840348838
SG,ID,MY,PH,274.3208726851826,59.48929405240367,1.9324935589279477,-17.947097431942197
SG,ID,MY,PH,237.83146072045855,59.74999121928678,7.144460621484735,-16.98467680773409
SG,ID,MY,PH,219.45688500854388,60.001422457060755,13.683648630370401,-16.403551851609098
SG,ID,MY,PH,164.59269064373086,61.240435206801365,22.58326699380547,-14.31585615514861
SG,ID,MY,PH,118.91578545533233,63.0505907785557,39.62955818237216,-12.01351772990432
SG,ID,MY,PH,109.72847296522768,63.54372508921024,53.6755782701066,-11.454420275822349
SG,ID,MY,PH,54.864238147101034,68.93572461038349,98.27895238214056,-6.146767015519611
SG,ID,MY,PH,0.0,85.1461797713564,295.46487308380597,7.768704311278566
SG,ID,PH,,233.1925894120254,50.4137722323278,-19.757672158645782,-19.757672158645782
SG,ID,PH,,233.19125776122516,50.4137153739949,-42.697629809509195,-19.757712032205646
SG,ID,PH,,216.3752072191104,50.44998381947836,2.1567754802254475,-19.28702969499885
SG,ID,PH,,199.99997958070884,50.582063715807294,8.065835739540585,-18.726661953419093
SG,ID,PH,,180.3127251050163,50.85675319286111,13.952655378786964,-17.94111178518846
SG,ID,PH,,144.25017756492704,51.69480062619889,23.238719682966224,-16.204339846796827
SG,ID,PH,,108.18763818076114,53.11159339114903,39.287104822468876,-13.958683029665725
SG,ID,PH,,99.93132887993214,53.56247141474597,54.61011781034785,-13.329222746173635
SG,ID,PH,,72.1250917645972,55.709301645527056,77.20678716348583,-10.614061199726722
SG,ID,PH,,36.06254618481339,60.869392268560276,143.0872541045993,-4.859733275558828
SG,ID,PH,,0.0,74.31072109720147,372.72267908530495,8.766206893559675
SG,MY,,,129.3175218308622,12.692264865452614,-20.69978884746317,-20.69978884746317
SG,MY,,,113.99999682209857,12.712931796217871,1.3492343412811771,-17.72938216930325
SG,MY,,,106.435810629919,12.743339948294025,4.020016337989164,-16.372708400752103
SG,MY,,,91.08016288229426,12.844093550244594,6.561338447357485,-13.795000085718451
SG,MY,,,79.82686133600592,12.983989870243127,12.431580138779324,-11.799135239429187
SG,MY,,,68.31012253035142,13.196672828233071,18.467290226771578,-9.612235874042412
SG,MY,,,53.217907907509115,13.603146166129548,26.93265024745098,-6.451212500582287
SG,MY,,,45.540081773191545,13.867368271771038,34.413660978919175,-4.728810053898456
SG,MY,,,26.60895397073156,14.844171870383047,51.59774994942872,0.5738782433360085
SG,MY,,,22.77004089031558,15.147788816356313,79.08929939626724,2.044689425817728
SG,MY,,,0.0,19.97280987265234,211.9021691501739,23.030437374756527
SG,MY,PH,,181.31908278209045,20.279622000015205,-19.11042503723423,-19.11042503723423
SG,MY,PH,,165.33333307509446,20.297620799803383,1.125927786815056,-17.80715773423866
SG,MY,PH,,154.792884625764,20.338347624237176,3.8638606914661704,-16.924392279374356
SG,MY,PH,,124.065137235788,20.594179561827573,8.325762846965295,-14.24418601114242
SG,MY,PH,,123.83431328886849,20.597020177026607,12.306414637404936,-14.223032497910808
SG,MY,PH,,92.87573489989072,21.206362753591467,19.682511545226667,-10.949723606698774
SG,MY,PH,,82.71009257900975,21.50001843341455,28.887075755153468,-9.72566908348762
SG,MY,PH,,61.917156541822834,22.248061933524717,35.975847700023536,-7.023226811399789
SG,MY,PH,,41.35504641459765,23.482525296399874,60.03583072151097,-3.318517780627506
SG,MY,PH,,30.95857830157736,24.52332041809303,100.11045197067331,-0.507961610444432
SG,MY,PH,,0.0,32.31722258008375,251.75258650664907,18.376379249012594
SG,PH,,,80.25136343478579,11.39176163641262,-20.692773977316467,-20.692773977316467
SG,PH,,,80.25130091989018,11.391762209557214,9.16812848145154,-20.69276096447545
SG,PH,,,75.16847422880693,11.40101486760548,1.8203764579458148,-19.922379923491697
SG,PH,,,67.11175286358176,11.45710490627103,6.961893817955368,-18.539191726254643
SG,PH,,,60.13477998481182,11.556826079320963,14.292899626050078,-17.138769174607038
SG,PH,,,45.101084911507726,11.922849969019689,24.34690127170985,-13.64679666264968
SG,PH,,,44.74116928574593,11.935226988082828,34.388668280078996,-13.550192602825245
SG,PH,,,30.06738998170072,12.692312224228164,51.594427070102235,-8.61358141983509
SG,PH,,,22.37058466466114,13.343843282247045,84.64954369788826,-5.048244134719802
SG,PH,,,15.0336949886497,14.33855877426737,135.5772726517379,-0.10386658938297227
SG,PH,,,0.0,19.27192654542601,328.15404163003745,21.956036349946068
TH,,,,65.87856397938502,15.290458553263914,-24.873674269907642,-24.873674269907642
TH,,,,57.643739978128686,15.346360335133102,6.788461035798688,-23.65535832171175
TH,,,,55.666666077490525,15.369192478215885,11.548452020641458,-23.333114726858337
TH,,,,49.408919903678786,15.479687506835944,17.657320311660122,-22.178948619014747
TH,,,,41.174098901766385,15.716820102232257,28.796326640402075,-20.357651981207052
TH,,,,32.93927950309055,16.104729878421413,47.10604536773842,-18.030391372349875
TH,,,,27.807204426267443,16.437453150726874,64.83211319492736,-16.286441466879843
TH,,,,24.70445985063068,16.725749111551337,92.91643375616815,-14.91438533835317
TH,,,,16.469639970655457,17.891831808247865,141.60391043064757,-9.863527291818528
TH,,,,8.234819975724456,19.722782917246633,222.34257823799697,-2.604467844311156
TH,,,,0.0,24.790924503643623,615.4526269350681,16.131088883679464
TH,VN,LA,,140.7070444873722,29.278235695604035,-21.441470889689096,-21.441470889689096
TH,VN,LA,,132.6713098790493,29.30303011786766,3.085520300526653,-21.045845098685312
TH,VN,LA,,127.45363045167076,29.332789131691186,5.7034960153689065,-20.768589524940325
TH,VN,LA,,113.71826695500052,29.466284075033666,9.719068838246798,-19.95881721103564
TH,VN,LA,,94.76522377657147,29.830513773871473,19.217478449705983,-18.573756734608114
TH,VN,LA,,75.81217915675026,30.548707954414706,37.893340882664326,-16.645558115986624
TH,VN,LA,,63.72681806087,31.311586119905787,63.124151561440414,-14.945670778734046
TH,VN,LA,,56.859134494702246,31.866926387374942,80.86282108350568,-13.799341996721603
TH,VN,LA,,37.90608967198256,33.85268232733883,104.7723971814542,-10.009278662437971
TH,VN,LA,,18.953044857849218,37.21106334370376,177.19480164266665,-4.210775323056854
TH,VN,LA,,0.0,46.87771967104358,510.03183920268435,11.238953213962459
TH,VN,LA,KR,263.6673511978386,52.011798945493204,-24.64013214824924,-24.64013214824924
TH,VN,LA,KR,230.7089322975818,52.29159195590861,8.489272839881988,-23.113604309202692
TH,VN,LA,KR,197.75051339921777,52.74172547874815,13.657618838684236,-21.493901960173993
TH,VN,LA,KR,190.68233779883897,52.86313894453631,17.17748293939556,-21.13201366040665
TH,VN,LA,KR,164.79209449928456,53.43348788725768,22.02949335478755,-19.70156263773717
TH,VN,LA,KR,131.83367559924724,54.775362773539605,40.71417656143721,-17.25582459332142
TH,VN,LA,KR,98.8752566996702,57.00288076794969,67.58570552784228,-13.954913334794666
TH,VN,LA,KR,95.34116889964808,57.30073136804254,84.2793436232643,-13.546790201527957
TH,VN,LA,KR,65.91683779962246,60.46398457315132,107.50467680490537,-9.49954925733615
TH,VN,LA,KR,32.95841889982517,66.44579109037883,181.49555460818246,-2.6050307331605196
TH,VN,LA,KR,1.762155330147105e-10,80.50416185305062,426.548700818337,12.346780868467622
VN,,,,83.66638324862274,13.75982240550237,-19.274074270494125,-19.274074270494125
VN,,,,73.26155012172225,13.801231782953014,3.979821391232661,-18.4078776634907
VN,,,,70.6666640371365,13.823877442223699,8.727034071054458,-18.158121342884197
VN,,,,62.79561573703817,13.933767698706692,13.961324120145507,-17.285729829507545
VN,,,,52.32968089186825,14.23013494201193,28.31732164298847,-15.696177818030261
VN,,,,41.86374478983847,14.745125272693949,49.20633239697896,-13.51011644362056
VN,,,,35.25894779954975,15.227065596780484,72.96822669873883,-11.710189096489797
VN,,,,31.39780868883169,15.56269720604644,86.92554182631828,-10.524460094064876
VN,,,,20.931872466979915,16.690543219754723,107.76350914058297,-6.791711865660757
VN,,,,10.465936224101188,18.394126949673872,162.7741360528838,-1.6045056861839857
VN,,,,0.0,24.249257687589257,559.446437714006,15.049205635552319
VN,KH,,,87.38416483526268,15.701383749424513,-19.215762461985644,-19.215762461985644
VN,KH,,,81.11369861856558,15.721834534890412,3.261445761631273,-18.739971109954997
VN,KH,,,75.46827715066907,15.759956501788338,6.752722912666758,-18.26322444070445
VN,KH,,,69.5260284154799,15.817083213031793,9.61365196733672,-17.725072830694902
VN,KH,,,57.938357280873326,16.03843909047341,19.102706218554815,-16.38899225017625
VN,KH,,,46.350685882280345,16.45791130837003,36.19987169704801,-14.54790588999885
VN,KH,,,37.7341391530871,16.99182171398222,61.963385378422814,-12.606654309777149
VN,KH,,,34.763014448112244,17.24797232008774,86.21334731478025,-11.749605040800303
VN,KH,,,23.17534295503473,18.508408553034933,108.7739010982645,-7.806294270251639
VN,KH,,,11.587671475986983,20.42275192327324,165.20518153278056,-2.3250099239330466
VN,KH,,,0.0,25.80794475201228,464.7346828824688,12.01779580207252
VN,KR,,,195.77043705683587,36.69450171366258,-23.911525308443224,-23.911525308443224
VN,KR,,,171.2991618804833,37.013497028576055,13.035500300439116,-22.090231548260363
VN,KR,,,146.82786051121883,37.44631087434276,17.686588842811158,-20.221557593433758
VN,KR,,,133.74659281027672,37.73202992848215,21.841847493023522,-19.1911027157973
VN,KR,,,122.35654855186854,38.02647523282162,25.851111519791328,-18.250397438346447
VN,KR,,,97.8852395376121,38.97223023360879,38.6475035003725,-15.80697131912269
VN,KR,,,73.41393039086,40.59400622848051,66.27254737971246,-12.427282140830807
VN,KR,,,66.87329833957358,41.20997972874979,94.17644891798085,-11.26684019350537
VN,KR,,,48.94262032779788,43.59096575400085,132.7883989488506,-7.0925132264329935
VN,KR,,,24.47131018651099,48.94225618405184,218.67609045674013,1.496379259856645
VN,KR,,,0.0,59.650926478899045,437.60101985671395,17.4790379703695
VN,LA,,,85.02763388848713,14.09027129557251,-19.289245373515005,-19.289245373515005
VN,LA,,,75.02757308300632,14.127357652005193,3.7086130928680614,-18.479937051836938
VN,LA,,,71.83922610660588,14.154319188027218,8.456274119971683,-18.181068347567027
VN,LA,,,64.30934875928556,14.254016383018188,13.240214998515144,-17.378731926947857
VN,LA,,,53.59112414513952,14.54094350791261,26.770023508905805,-15.830340185301006
VN,LA,,,42.87289942172622,15.043966355594893,46.93154516376773,-13.703730715691322
VN,LA,,,35.91961359900448,15.541092109722628,71.49508402246924,-11.871207569622113
VN,LA,,,32.15467456632997,15.86747233258143,86.68937797565098,-10.73656673995183
VN,LA,,,21.436449724995605,17.005900009815726,106.21420002722824,-7.025334574027701
VN,LA,,,10.718224855595498,18.646599821773844,153.07570348166686,-2.1010657156314485
VN,LA,,,0.0,23.897783701186412,489.93037094861506,12.58089502843531
VN,TH,,,139.80553218062806,28.942589565951508,-21.487429603266953,-21.487429603266953
VN,TH,,,130.90527722550914,28.97093220346583,3.1844747883339757,-21.04232675273078
VN,TH,,,126.1322991862376,28.998116242137883,5.695404095385907,-20.78612169719177
VN,TH,,,112.20453302076344,29.136665321014952,9.947688468558713,-19.950143641609856
VN,TH,,,93.50377997181518,29.501259595065257,19.496234889365034,-18.560240103720645
VN,TH,,,74.80302412010573,30.21806866050049,38.33048627121177,-16.62390728145607
VN,TH,,,63.066152120491815,30.96353109284533,63.51457461318165,-14.947832605319718
VN,TH,,,56.102268565006305,31.52798206077999,81.05405029210152,-13.771107659399425
VN,TH,,,37.40151239635213,33.49249088243233,105.049699805466,-9.984672674335915
VN,TH,,,18.700756205689537,36.80703692659451,177.2412842758283,-4.202641367285264
VN,TH,,,0.0,46.36503755356513,511.1023598105986,11.234593530174338
